{"resolution_minutes": 1, "steps": 1440, "generation": [{"name": "PV_cfg_24", "bus": 24, "p_mw": [0.0, 0.0, 0.0, 0.0, 0.0, 0.0, 0.0, 0.0, 0.0, 0.0, 0.0, 0.0, 0.0, 0.0, 0.0, 0.0, 0.0, 0.0, 0.0, 0.0, 0.0, 0.0, 0.0, 0.0, 0.0, 0.0, 0.0, 0.0, 0.0, 0.0, 0.0, 0.0, 0.0, 0.0, 0.0, 0.0, 0.0, 0.0, 0.0, 0.0, 0.0, 0.0, 0.0, 0.0, 0.0, 0.0, 0.0, 0.0, 0.0, 0.0, 0.0, 0.0, 0.0, 0.0, 0.0, 0.0, 0.0, 0.0, 0.0, 0.0, 0.0, 0.0, 0.0, 0.0, 0.0, 0.0, 0.0, 0.0, 0.0, 0.0, 0.0, 0.0, 0.0, 0.0, 0.0, 0.0, 0.0, 0.0, 0.0, 0.0, 0.0, 0.0, 0.0, 0.0, 0.0, 0.0, 0.0, 0.0, 0.0, 0.0, 0.0, 0.0, 0.0, 0.0, 0.0, 0.0, 0.0, 0.0, 0.0, 0.0, 0.0, 0.0, 0.0, 0.0, 0.0, 0.0, 0.0, 0.0, 0.0, 0.0, 0.0, 0.0, 0.0, 0.0, 0.0, 0.0, 0.0, 0.0, 0.0, 0.0, 0.0, 0.0, 0.0, 0.0, 0.0, 0.0, 0.0, 0.0, 0.0, 0.0, 0.0, 0.0, 0.0, 0.0, 0.0, 0.0, 0.0, 0.0, 0.0, 0.0, 0.0, 0.0, 0.0, 0.0, 0.0, 0.0, 0.0, 0.0, 0.0, 0.0, 0.0, 0.0, 0.0, 0.0, 0.0, 0.0, 0.0, 0.0, 0.0, 0.0, 0.0, 0.0, 0.0, 0.0, 0.0, 0.0, 0.0, 0.0, 0.0, 0.0, 0.0, 0.0, 0.0, 0.0, 0.0, 0.0, 0.0, 0.0, 0.0, 0.0, 0.0, 0.0, 0.0, 0.0, 0.0, 0.0, 0.0, 0.0, 0.0, 0.0, 0.0, 0.0, 0.0, 0.0, 0.0, 0.0, 0.0, 0.0, 0.0, 0.0, 0.0, 0.0, 0.0, 0.0, 0.0, 0.0, 0.0, 0.0, 0.0, 0.0, 0.0, 0.0, 0.0, 0.0, 0.0, 0.0, 0.0, 0.0, 0.0, 0.0, 0.0, 0.0, 0.0, 0.0, 0.0, 0.0, 0.0, 0.0, 0.0, 0.0, 0.0, 0.0, 0.0, 0.0, 0.0, 0.0, 0.0, 0.0, 0.0, 0.0, 0.0, 0.0, 0.0, 0.0, 0.0, 0.0, 0.0, 0.0, 0.0, 0.0, 0.0, 0.0, 0.0, 0.0, 0.0, 0.0, 0.0, 0.0, 0.0, 0.0, 0.0, 0.0, 0.0, 0.0, 0.0, 0.0, 0.0, 0.0, 0.0, 0.0, 0.0, 0.0, 0.0, 0.0, 0.0, 0.0, 0.0, 0.0, 0.0, 0.0, 0.0, 0.0, 0.0, 0.0, 0.0, 0.0, 0.0, 0.0, 0.0, 0.0, 0.0, 0.0, 0.0, 0.0, 0.0, 0.0, 0.0, 0.0, 0.0, 0.0, 0.0, 0.0, 0.0, 0.0, 0.0, 0.0, 0.0, 0.0, 0.0, 0.0, 0.0, 0.0, 0.0, 0.0, 0.0, 0.0, 0.0, 0.0, 0.0, 0.0, 0.0, 0.0, 0.0, 0.0, 0.0, 0.0, 0.0, 0.0, 0.0, 0.0, 0.0, 0.0, 0.0, 0.0, 0.0, 0.0, 0.0, 0.0, 0.0, 0.0, 0.0, 0.0, 0.0, 0.0, 0.0, 0.0, 0.0, 0.0, 0.0, 0.0, 0.0, 0.0, 0.0, 0.0, 0.0, 0.0, 0.0, 0.0, 0.0, 0.0, 0.0, 0.000183, 0.000368, 0.000553, 0.00074, 0.000927, 0.001115, 0.001305, 0.001495, 0.001686, 0.001879, 0.002072, 0.002266, 0.002461, 0.002658, 0.002855, 0.003053, 0.003252, 0.003452, 0.003653, 0.003855, 0.004058, 0.004262, 0.004467, 0.004673, 0.00488, 0.005088, 0.005296, 0.005506, 0.005717, 0.005928, 0.006141, 0.006354, 0.006569, 0.006784, 0.007, 0.007217, 0.007436, 0.007655, 0.007875, 0.008096, 0.008317, 0.00854, 0.008764, 0.008988, 0.009214, 0.00944, 0.009667, 0.009895, 0.010124, 0.010354, 0.010585, 0.010817, 0.011049, 0.011283, 0.011517, 0.011752, 0.011988, 0.012225, 0.012462, 0.012701, 0.01294, 0.01318, 0.013421, 0.013663, 0.013905, 0.014148, 0.014393, 0.014637, 0.014883, 0.01513, 0.015377, 0.015625, 0.015874, 0.016123, 0.016374, 0.016625, 0.016876, 0.017129, 0.017382, 0.017636, 0.01789, 0.018146, 0.018402, 0.018659, 0.018916, 0.019174, 0.019433, 0.019692, 0.019952, 0.020213, 0.020474, 0.020736, 0.020998, 0.021261, 0.021525, 0.021789, 0.022054, 0.02232, 0.022586, 0.022852, 0.02312, 0.023387, 0.023655, 0.023924, 0.024193, 0.024463, 0.024733, 0.025004, 0.025275, 0.025547, 0.025819, 0.026091, 0.026364, 0.026638, 0.026912, 0.027186, 0.02746, 0.027735, 0.028011, 0.028287, 0.028563, 0.028839, 0.029116, 0.029393, 0.02967, 0.029948, 0.030226, 0.030504, 0.030783, 0.031061, 0.03134, 0.03162, 0.031899, 0.032179, 0.032459, 0.032739, 0.033019, 0.033299, 0.03358, 0.03386, 0.034141, 0.034422, 0.034703, 0.034984, 0.035265, 0.035547, 0.035828, 0.036109, 0.03639, 0.036672, 0.036953, 0.037234, 0.037516, 0.037797, 0.038078, 0.038359, 0.03864, 0.038921, 0.039202, 0.039483, 0.039764, 0.040044, 0.040325, 0.040605, 0.040885, 0.041164, 0.041444, 0.041723, 0.042002, 0.042281, 0.04256, 0.042838, 0.043116, 0.043394, 0.043671, 0.043948, 0.044225, 0.044501, 0.044777, 0.045053, 0.045328, 0.045603, 0.045877, 0.046151, 0.046424, 0.046697, 0.04697, 0.047242, 0.047513, 0.047784, 0.048054, 0.048324, 0.048593, 0.048862, 0.04913, 0.049397, 0.049664, 0.04993, 0.050195, 0.05046, 0.050724, 0.050987, 0.05125, 0.051512, 0.051773, 0.052033, 0.052293, 0.052552, 0.05281, 0.053067, 0.053323, 0.053578, 0.053833, 0.054087, 0.05434, 0.054591, 0.054842, 0.055092, 0.055342, 0.05559, 0.055837, 0.056083, 0.056328, 0.056572, 0.056815, 0.057057, 0.057298, 0.057538, 0.057777, 0.058014, 0.058251, 0.058486, 0.05872, 0.058954, 0.059185, 0.059416, 0.059646, 0.059874, 0.060101, 0.060327, 0.060551, 0.060774, 0.060996, 0.061217, 0.061436, 0.061654, 0.061871, 0.062086, 0.0623, 0.062513, 0.062724, 0.062933, 0.063142, 0.063349, 0.063554, 0.063758, 0.06396, 0.064161, 0.064361, 0.064559, 0.064755, 0.06495, 0.065143, 0.065335, 0.065525, 0.065714, 0.065901, 0.066087, 0.06627, 0.066453, 0.066633, 0.066812, 0.066989, 0.067165, 0.067339, 0.067511, 0.067681, 0.06785, 0.068017, 0.068182, 0.068345, 0.068507, 0.068667, 0.068825, 0.068982, 0.069136, 0.069289, 0.06944, 0.069589, 0.069736, 0.069881, 0.070025, 0.070166, 0.070306, 0.070444, 0.07058, 0.070714, 0.070846, 0.070976, 0.071104, 0.07123, 0.071355, 0.071477, 0.071597, 0.071716, 0.071832, 0.071947, 0.072059, 0.072169, 0.072278, 0.072384, 0.072488, 0.072591, 0.072691, 0.072789, 0.072885, 0.072979, 0.073071, 0.073161, 0.073249, 0.073335, 0.073418, 0.0735, 0.073579, 0.073656, 0.073732, 0.073805, 0.073876, 0.073944, 0.074011, 0.074076, 0.074138, 0.074198, 0.074256, 0.074312, 0.074366, 0.074418, 0.074467, 0.074514, 0.074559, 0.074602, 0.074643, 0.074681, 0.074718, 0.074752, 0.074784, 0.074814, 0.074841, 0.074866, 0.07489, 0.074911, 0.074929, 0.074946, 0.07496, 0.074972, 0.074982, 0.07499, 0.074996, 0.074999, 0.075, 0.074999, 0.074996, 0.07499, 0.074982, 0.074972, 0.07496, 0.074946, 0.074929, 0.074911, 0.07489, 0.074866, 0.074841, 0.074814, 0.074784, 0.074752, 0.074718, 0.074681, 0.074643, 0.074602, 0.074559, 0.074514, 0.074467, 0.074418, 0.074366, 0.074312, 0.074256, 0.074198, 0.074138, 0.074076, 0.074011, 0.073944, 0.073876, 0.073805, 0.073732, 0.073656, 0.073579, 0.0735, 0.073418, 0.073335, 0.073249, 0.073161, 0.073071, 0.072979, 0.072885, 0.072789, 0.072691, 0.072591, 0.072488, 0.072384, 0.072278, 0.072169, 0.072059, 0.071947, 0.071832, 0.071716, 0.071597, 0.071477, 0.071355, 0.07123, 0.071104, 0.070976, 0.070846, 0.070714, 0.07058, 0.070444, 0.070306, 0.070166, 0.070025, 0.069881, 0.069736, 0.069589, 0.06944, 0.069289, 0.069136, 0.068982, 0.068825, 0.068667, 0.068507, 0.068345, 0.068182, 0.068017, 0.06785, 0.067681, 0.067511, 0.067339, 0.067165, 0.066989, 0.066812, 0.066633, 0.066453, 0.06627, 0.066087, 0.065901, 0.065714, 0.065525, 0.065335, 0.065143, 0.06495, 0.064755, 0.064559, 0.064361, 0.064161, 0.06396, 0.063758, 0.063554, 0.063349, 0.063142, 0.062933, 0.062724, 0.062513, 0.0623, 0.062086, 0.061871, 0.061654, 0.061436, 0.061217, 0.060996, 0.060774, 0.060551, 0.060327, 0.060101, 0.059874, 0.059646, 0.059416, 0.059185, 0.058954, 0.05872, 0.058486, 0.058251, 0.058014, 0.057777, 0.057538, 0.057298, 0.057057, 0.056815, 0.056572, 0.056328, 0.056083, 0.055837, 0.05559, 0.055342, 0.055092, 0.054842, 0.054591, 0.05434, 0.054087, 0.053833, 0.053578, 0.053323, 0.053067, 0.05281, 0.052552, 0.052293, 0.052033, 0.051773, 0.051512, 0.05125, 0.050987, 0.050724, 0.05046, 0.050195, 0.04993, 0.049664, 0.049397, 0.04913, 0.048862, 0.048593, 0.048324, 0.048054, 0.047784, 0.047513, 0.047242, 0.04697, 0.046697, 0.046424, 0.046151, 0.045877, 0.045603, 0.045328, 0.045053, 0.044777, 0.044501, 0.044225, 0.043948, 0.043671, 0.043394, 0.043116, 0.042838, 0.04256, 0.042281, 0.042002, 0.041723, 0.041444, 0.041164, 0.040885, 0.040605, 0.040325, 0.040044, 0.039764, 0.039483, 0.039202, 0.038921, 0.03864, 0.038359, 0.038078, 0.037797, 0.037516, 0.037234, 0.036953, 0.036672, 0.03639, 0.036109, 0.035828, 0.035547, 0.035265, 0.034984, 0.034703, 0.034422, 0.034141, 0.03386, 0.03358, 0.033299, 0.033019, 0.032739, 0.032459, 0.032179, 0.031899, 0.03162, 0.03134, 0.031061, 0.030783, 0.030504, 0.030226, 0.029948, 0.02967, 0.029393, 0.029116, 0.028839, 0.028563, 0.028287, 0.028011, 0.027735, 0.02746, 0.027186, 0.026912, 0.026638, 0.026364, 0.026091, 0.025819, 0.025547, 0.025275, 0.025004, 0.024733, 0.024463, 0.024193, 0.023924, 0.023655, 